X,Y,Tile Type,ItemID01,ItemAmount01,ItemID02,ItemAmount02,ItemID03,ItemAmount03
0,30,Chest,1107,1,,,,
5,7,Chest,1018,1,1102,1,,
6,33,Chest,1111,1,1103,1,1105,1
11,1,Chest,1002,1,1005,1,1008,1
12,26,Chest,1010,2,1109,1,,
13,28,Chest,1101,1,1001,2,,
14,31,Chest,1013,1,1115,1,,
16,41,Chest,1015,1,1014,1,,
18,3,Chest,1112,1,1110,1,,
19,37,Chest,1002,1,1004,,1007,1
22,12,Chest,1003,1,1006,1,,
24,39,Chest,1115,1,1009,1,,
26,37,Chest,1114,1,1105,,,
27,21,Chest,1113,1,1108,1,,
31,21,Chest,1109,1,1110,1,1112,
31,37,Chest,1002,2,1005,2,1008,2
37,40,Chest,1108,1,1115,1,,
35,32,Chest,1114,1,1113,1,,
40,31,Chest,1013,1,1006,1,1009,1
40,36,Chest,1115,1,1103,1,1003,1
