X,Y,Tile Type,TrapType,TrapPossiblity,TrapAmount,,,,,
2,26,Trap,1,70,3,,,,,
27,33,Trap,0,70,1,,,,,
4,4,Trap,3,50,5,,,,,
5,8,Trap,4,60,3,,,,,
5,30,Trap,5,50,4,,,,,
5,32,Trap,6,70,5,,,,,
6,5,Trap,7,70,3,,,,,
6,29,Trap,20,80,4,,,,,
7,24,Trap,21,50,5,,,,,
7,31,Trap,22,60,3,,,,,
9,12,Trap,23,50,4,,,,,
9,37,Trap,1,70,5,,,,,
12,28,Trap,2,70,3,,,,,
15,38,Trap,3,80,4,,,,,
22,14,Trap,4,50,5,,,,,
25,30,Trap,5,60,3,,,,,
27,39,Trap,6,50,4,,,,,
28,25,Trap,7,70,5,,,,,
33,35,Trap,20,70,3,,,,,
36,41,Trap,21,80,4,,,,,
38,23,Trap,22,50,5,,,,,
40,23,Trap,23,60,3,,,,,
40,33,Trap,23,50,4,,,,,
,,,,,,,,,,
,,,,,,,,,,
,,,,,,,,,,
,,,,,,,,,,
,,,,,,,,,,
,,,,,,,,,,
,,,,,,,,,TrapType,
,,,,,,,,,0,기절
,,,,,,,,,1,부상
,,,,,,,,,2,피로
,,,,,,,,,3,좌절
,,,,,,,,,4,중독
,,,,,,,,,5,취약
,,,,,,,,,6,침묵
,,,,,,,,,7,혼란
,,,,,,,,,8,부식
,,,,,,,,,9,방어
,,,,,,,,,10,배고픔 70%
,,,,,,,,,11,배고픔 50%
,,,,,,,,,12,배고픔 25%
,,,,,,,,,13,정신력 75%
,,,,,,,,,14,정신력 50%
,,,,,,,,,15,정신력 25%
,,,,,,,,,16,STR 증가
,,,,,,,,,17,DEX 증가
,,,,,,,,,18,INT 증가
,,,,,,,,,19,CON 증가
,,,,,,,,,20,STR 감소
,,,,,,,,,21,DEX 감소
,,,,,,,,,22,INT 감소
,,,,,,,,,23,CON 감소
,,,,,,,,,24,전투 발생률 증가
,,,,,,,,,25,아이템 획득 증가
